{"cameraMode":{"drawMode":0,"name":"Shaded","section":"Shading Mode"},"sceneLighting":true,"audioPlay":false,"sceneViewState":{"showFog":true,"showMaterialUpdate":false,"showSkybox":true,"showFlares":true,"showImageEffects":true,"showParticleSystems":true},"in2DMode":false,"pivot":{"x":-1.6458908319473267,"y":2.2885100841522219,"z":-15.082450866699219},"rotation":{"x":-0.019959446042776109,"y":-0.9693984389305115,"z":-0.08425159752368927,"w":0.2298373132944107},"size":3.1818718910217287,"orthographic":false}