{"cameraMode":{"drawMode":0,"name":"Shaded","section":"Shading Mode"},"sceneLighting":true,"audioPlay":false,"sceneViewState":{"showFog":true,"showMaterialUpdate":false,"showSkybox":true,"showFlares":true,"showImageEffects":true,"showParticleSystems":true},"in2DMode":false,"pivot":{"x":7.121806621551514,"y":2.1791253089904787,"z":-13.957049369812012},"rotation":{"x":0.00652025593444705,"y":-0.9825608134269714,"z":-0.036610476672649387,"w":-0.18279702961444856},"size":7.461804389953613,"orthographic":false}